{
    "$schema": "https://schema.management.azure.com/schemas/2015-01-01/deploymentParameters.json#",
    "contentVersion": "1.0.0.0",
    "parameters": {
        "vulnerabilityAssessments_Default_storageContainerPath": {
            "value": null
        },
        "sites_EduSyncAPI_name": {
            "value": null
        },
        "servers_edusyncserver01_name": {
            "value": null
        },
        "components_EduSyncAPI_name": {
            "value": null
        },
        "staticSites_edusync_frontend_name": {
            "value": null
        },
        "namespaces_edusync_quizhub_name": {
            "value": null
        },
        "storageAccounts_edusyncserver_name": {
            "value": null
        },
        "streamingjobs_quizstreamjob_name": {
            "value": null
        },
        "storageAccounts_edusyncblobstorage01_name": {
            "value": null
        },
        "serverfarms_EduSyncAPI20250601145345Plan_name": {
            "value": null
        },
        "actionGroups_Application_Insights_Smart_Detection_name": {
            "value": null
        },
        "workspaces_DefaultWorkspace_02844d88_3531_470a_b8bb_e7d38029e3ea_EJP_externalid": {
            "value": null
        }
    }
}