{
    "$schema": "https://schema.management.azure.com/schemas/2019-04-01/deploymentTemplate.json#",
    "contentVersion": "1.0.0.0",
    "parameters": {
        "vulnerabilityAssessments_Default_storageContainerPath": {
            "type": "SecureString"
        },
        "sites_EduSyncAPI_name": {
            "defaultValue": "EduSyncAPI",
            "type": "String"
        },
        "servers_edusyncserver01_name": {
            "defaultValue": "edusyncserver01",
            "type": "String"
        },
        "components_EduSyncAPI_name": {
            "defaultValue": "EduSyncAPI",
            "type": "String"
        },
        "staticSites_edusync_frontend_name": {
            "defaultValue": "edusync-frontend",
            "type": "String"
        },
        "namespaces_edusync_quizhub_name": {
            "defaultValue": "edusync-quizhub",
            "type": "String"
        },
        "storageAccounts_edusyncserver_name": {
            "defaultValue": "edusyncserver",
            "type": "String"
        },
        "streamingjobs_quizstreamjob_name": {
            "defaultValue": "quizstreamjob",
            "type": "String"
        },
        "storageAccounts_edusyncblobstorage01_name": {
            "defaultValue": "edusyncblobstorage01",
            "type": "String"
        },
        "serverfarms_EduSyncAPI20250601145345Plan_name": {
            "defaultValue": "EduSyncAPI20250601145345Plan",
            "type": "String"
        },
        "actionGroups_Application_Insights_Smart_Detection_name": {
            "defaultValue": "Application Insights Smart Detection",
            "type": "String"
        },
        "workspaces_DefaultWorkspace_02844d88_3531_470a_b8bb_e7d38029e3ea_EJP_externalid": {
            "defaultValue": "/subscriptions/02844d88-3531-470a-b8bb-e7d38029e3ea/resourceGroups/DefaultResourceGroup-EJP/providers/Microsoft.OperationalInsights/workspaces/DefaultWorkspace-02844d88-3531-470a-b8bb-e7d38029e3ea-EJP",
            "type": "String"
        }
    },
    "variables": {},
    "resources": [
        {
            "type": "Microsoft.EventHub/namespaces",
            "apiVersion": "2024-05-01-preview",
            "name": "[parameters('namespaces_edusync_quizhub_name')]",
            "location": "japaneast",
            "sku": {
                "name": "Standard",
                "tier": "Standard",
                "capacity": 1
            },
            "properties": {
                "geoDataReplication": {
                    "maxReplicationLagDurationInSeconds": 0,
                    "locations": [
                        {
                            "locationName": "japaneast",
                            "roleType": "Primary"
                        }
                    ]
                },
                "minimumTlsVersion": "1.2",
                "publicNetworkAccess": "Enabled",
                "disableLocalAuth": false,
                "zoneRedundant": true,
                "isAutoInflateEnabled": false,
                "maximumThroughputUnits": 0,
                "kafkaEnabled": true
            }
        },
        {
            "type": "microsoft.insights/actionGroups",
            "apiVersion": "2024-10-01-preview",
            "name": "[parameters('actionGroups_Application_Insights_Smart_Detection_name')]",
            "location": "Global",
            "properties": {
                "groupShortName": "SmartDetect",
                "enabled": true,
                "emailReceivers": [],
                "smsReceivers": [],
                "webhookReceivers": [],
                "eventHubReceivers": [],
                "itsmReceivers": [],
                "azureAppPushReceivers": [],
                "automationRunbookReceivers": [],
                "voiceReceivers": [],
                "logicAppReceivers": [],
                "azureFunctionReceivers": [],
                "armRoleReceivers": [
                    {
                        "name": "Monitoring Contributor",
                        "roleId": "749f88d5-cbae-40b8-bcfc-e573ddc772fa",
                        "useCommonAlertSchema": true
                    },
                    {
                        "name": "Monitoring Reader",
                        "roleId": "43d0d8ad-25c7-4714-9337-8ba259a9fe05",
                        "useCommonAlertSchema": true
                    }
                ]
            }
        },
        {
            "type": "microsoft.insights/components",
            "apiVersion": "2020-02-02",
            "name": "[parameters('components_EduSyncAPI_name')]",
            "location": "japaneast",
            "kind": "web",
            "properties": {
                "Application_Type": "web",
                "Flow_Type": "Redfield",
                "Request_Source": "IbizaAIExtensionEnablementBlade",
                "RetentionInDays": 90,
                "WorkspaceResourceId": "[parameters('workspaces_DefaultWorkspace_02844d88_3531_470a_b8bb_e7d38029e3ea_EJP_externalid')]",
                "IngestionMode": "LogAnalytics",
                "publicNetworkAccessForIngestion": "Enabled",
                "publicNetworkAccessForQuery": "Enabled"
            }
        },
        {
            "type": "Microsoft.Sql/servers",
            "apiVersion": "2024-05-01-preview",
            "name": "[parameters('servers_edusyncserver01_name')]",
            "location": "japaneast",
            "kind": "v12.0",
            "properties": {
                "administratorLogin": "edusyncserver",
                "version": "12.0",
                "minimalTlsVersion": "1.2",
                "publicNetworkAccess": "Enabled",
                "restrictOutboundNetworkAccess": "Disabled"
            }
        },
        {
            "type": "Microsoft.Storage/storageAccounts",
            "apiVersion": "2024-01-01",
            "name": "[parameters('storageAccounts_edusyncblobstorage01_name')]",
            "location": "japaneast",
            "sku": {
                "name": "Standard_LRS",
                "tier": "Standard"
            },
            "kind": "StorageV2",
            "properties": {
                "dnsEndpointType": "Standard",
                "defaultToOAuthAuthentication": false,
                "publicNetworkAccess": "Enabled",
                "allowCrossTenantReplication": false,
                "minimumTlsVersion": "TLS1_2",
                "allowBlobPublicAccess": true,
                "allowSharedKeyAccess": true,
                "largeFileSharesState": "Enabled",
                "networkAcls": {
                    "bypass": "AzureServices",
                    "virtualNetworkRules": [],
                    "ipRules": [],
                    "defaultAction": "Allow"
                },
                "supportsHttpsTrafficOnly": true,
                "encryption": {
                    "requireInfrastructureEncryption": false,
                    "services": {
                        "file": {
                            "keyType": "Account",
                            "enabled": true
                        },
                        "blob": {
                            "keyType": "Account",
                            "enabled": true
                        }
                    },
                    "keySource": "Microsoft.Storage"
                },
                "accessTier": "Hot"
            }
        },
        {
            "type": "Microsoft.Storage/storageAccounts",
            "apiVersion": "2024-01-01",
            "name": "[parameters('storageAccounts_edusyncserver_name')]",
            "location": "japaneast",
            "sku": {
                "name": "Standard_LRS",
                "tier": "Standard"
            },
            "kind": "StorageV2",
            "properties": {
                "dnsEndpointType": "Standard",
                "defaultToOAuthAuthentication": false,
                "publicNetworkAccess": "Enabled",
                "allowCrossTenantReplication": false,
                "minimumTlsVersion": "TLS1_2",
                "allowBlobPublicAccess": false,
                "allowSharedKeyAccess": true,
                "largeFileSharesState": "Enabled",
                "networkAcls": {
                    "bypass": "AzureServices",
                    "virtualNetworkRules": [],
                    "ipRules": [],
                    "defaultAction": "Allow"
                },
                "supportsHttpsTrafficOnly": true,
                "encryption": {
                    "requireInfrastructureEncryption": false,
                    "services": {
                        "file": {
                            "keyType": "Account",
                            "enabled": true
                        },
                        "blob": {
                            "keyType": "Account",
                            "enabled": true
                        }
                    },
                    "keySource": "Microsoft.Storage"
                },
                "accessTier": "Hot"
            }
        },
        {
            "type": "Microsoft.StreamAnalytics/streamingjobs",
            "apiVersion": "2021-10-01-preview",
            "name": "[parameters('streamingjobs_quizstreamjob_name')]",
            "location": "Japan East",
            "tags": {
                "hidden-link:/Microsoft.StreamAnalytics/streamingjobs/settings": "{\"createdFrom\":\"Portal\"}"
            },
            "sku": {
                "name": "StandardV2",
                "capacity": 10
            },
            "identity": {
                "type": "SystemAssigned"
            },
            "properties": {
                "sku": {
                    "name": "StandardV2"
                },
                "outputStartMode": "JobStartTime",
                "outputStartTime": "2025-06-23T19:29:32.523Z",
                "eventsOutOfOrderPolicy": "Adjust",
                "outputErrorPolicy": "Stop",
                "eventsOutOfOrderMaxDelayInSeconds": 0,
                "eventsLateArrivalMaxDelayInSeconds": 5,
                "dataLocale": "en-US",
                "compatibilityLevel": "1.2",
                "contentStoragePolicy": "SystemAccount",
                "jobType": "Cloud"
            }
        },
        {
            "type": "Microsoft.Web/serverfarms",
            "apiVersion": "2024-04-01",
            "name": "[parameters('serverfarms_EduSyncAPI20250601145345Plan_name')]",
            "location": "Japan East",
            "sku": {
                "name": "F1",
                "tier": "Free",
                "size": "F1",
                "family": "F",
                "capacity": 0
            },
            "kind": "app",
            "properties": {
                "perSiteScaling": false,
                "elasticScaleEnabled": false,
                "maximumElasticWorkerCount": 1,
                "isSpot": false,
                "reserved": false,
                "isXenon": false,
                "hyperV": false,
                "targetWorkerCount": 0,
                "targetWorkerSizeId": 0,
                "zoneRedundant": false
            }
        },
        {
            "type": "Microsoft.Web/staticSites",
            "apiVersion": "2024-04-01",
            "name": "[parameters('staticSites_edusync_frontend_name')]",
            "location": "East Asia",
            "sku": {
                "name": "Free",
                "tier": "Free"
            },
            "properties": {
                "repositoryUrl": "https://github.com/Yashas7i/edusync-withstyling",
                "branch": "main",
                "stagingEnvironmentPolicy": "Enabled",
                "allowConfigFileUpdates": true,
                "provider": "Custom",
                "enterpriseGradeCdnStatus": "Disabled"
            }
        },
        {
            "type": "Microsoft.EventHub/namespaces/authorizationrules",
            "apiVersion": "2024-05-01-preview",
            "name": "[concat(parameters('namespaces_edusync_quizhub_name'), '/RootManageSharedAccessKey')]",
            "location": "japaneast",
            "dependsOn": [
                "[resourceId('Microsoft.EventHub/namespaces', parameters('namespaces_edusync_quizhub_name'))]"
            ],
            "properties": {
                "rights": [
                    "Listen",
                    "Manage",
                    "Send"
                ]
            }
        },
        {
            "type": "Microsoft.EventHub/namespaces/eventhubs",
            "apiVersion": "2024-05-01-preview",
            "name": "[concat(parameters('namespaces_edusync_quizhub_name'), '/quizhub')]",
            "location": "japaneast",
            "dependsOn": [
                "[resourceId('Microsoft.EventHub/namespaces', parameters('namespaces_edusync_quizhub_name'))]"
            ],
            "properties": {
                "messageTimestampDescription": {
                    "timestampType": "LogAppend"
                },
                "retentionDescription": {
                    "cleanupPolicy": "Delete",
                    "retentionTimeInHours": 1
                },
                "messageRetentionInDays": 1,
                "partitionCount": 1,
                "status": "Active"
            }
        },
        {
            "type": "Microsoft.EventHub/namespaces/networkrulesets",
            "apiVersion": "2024-05-01-preview",
            "name": "[concat(parameters('namespaces_edusync_quizhub_name'), '/default')]",
            "location": "japaneast",
            "dependsOn": [
                "[resourceId('Microsoft.EventHub/namespaces', parameters('namespaces_edusync_quizhub_name'))]"
            ],
            "properties": {
                "publicNetworkAccess": "Enabled",
                "defaultAction": "Allow",
                "virtualNetworkRules": [],
                "ipRules": [],
                "trustedServiceAccessEnabled": false
            }
        },
        {
            "type": "microsoft.insights/components/ProactiveDetectionConfigs",
            "apiVersion": "2018-05-01-preview",
            "name": "[concat(parameters('components_EduSyncAPI_name'), '/degradationindependencyduration')]",
            "location": "japaneast",
            "dependsOn": [
                "[resourceId('microsoft.insights/components', parameters('components_EduSyncAPI_name'))]"
            ],
            "properties": {
                "ruleDefinitions": {
                    "Name": "degradationindependencyduration",
                    "DisplayName": "Degradation in dependency duration",
                    "Description": "Smart Detection rules notify you of performance anomaly issues.",
                    "HelpUrl": "https://docs.microsoft.com/en-us/azure/application-insights/app-insights-proactive-performance-diagnostics",
                    "IsHidden": false,
                    "IsEnabledByDefault": true,
                    "IsInPreview": false,
                    "SupportsEmailNotifications": true
                },
                "enabled": true,
                "sendEmailsToSubscriptionOwners": true,
                "customEmails": []
            }
        },
        {
            "type": "microsoft.insights/components/ProactiveDetectionConfigs",
            "apiVersion": "2018-05-01-preview",
            "name": "[concat(parameters('components_EduSyncAPI_name'), '/degradationinserverresponsetime')]",
            "location": "japaneast",
            "dependsOn": [
                "[resourceId('microsoft.insights/components', parameters('components_EduSyncAPI_name'))]"
            ],
            "properties": {
                "ruleDefinitions": {
                    "Name": "degradationinserverresponsetime",
                    "DisplayName": "Degradation in server response time",
                    "Description": "Smart Detection rules notify you of performance anomaly issues.",
                    "HelpUrl": "https://docs.microsoft.com/en-us/azure/application-insights/app-insights-proactive-performance-diagnostics",
                    "IsHidden": false,
                    "IsEnabledByDefault": true,
                    "IsInPreview": false,
                    "SupportsEmailNotifications": true
                },
                "enabled": true,
                "sendEmailsToSubscriptionOwners": true,
                "customEmails": []
            }
        },
        {
            "type": "microsoft.insights/components/ProactiveDetectionConfigs",
            "apiVersion": "2018-05-01-preview",
            "name": "[concat(parameters('components_EduSyncAPI_name'), '/digestMailConfiguration')]",
            "location": "japaneast",
            "dependsOn": [
                "[resourceId('microsoft.insights/components', parameters('components_EduSyncAPI_name'))]"
            ],
            "properties": {
                "ruleDefinitions": {
                    "Name": "digestMailConfiguration",
                    "DisplayName": "Digest Mail Configuration",
                    "Description": "This rule describes the digest mail preferences",
                    "HelpUrl": "www.homail.com",
                    "IsHidden": true,
                    "IsEnabledByDefault": true,
                    "IsInPreview": false,
                    "SupportsEmailNotifications": true
                },
                "enabled": true,
                "sendEmailsToSubscriptionOwners": true,
                "customEmails": []
            }
        },
        {
            "type": "microsoft.insights/components/ProactiveDetectionConfigs",
            "apiVersion": "2018-05-01-preview",
            "name": "[concat(parameters('components_EduSyncAPI_name'), '/extension_billingdatavolumedailyspikeextension')]",
            "location": "japaneast",
            "dependsOn": [
                "[resourceId('microsoft.insights/components', parameters('components_EduSyncAPI_name'))]"
            ],
            "properties": {
                "ruleDefinitions": {
                    "Name": "extension_billingdatavolumedailyspikeextension",
                    "DisplayName": "Abnormal rise in daily data volume (preview)",
                    "Description": "This detection rule automatically analyzes the billing data generated by your application, and can warn you about an unusual increase in your application's billing costs",
                    "HelpUrl": "https://github.com/Microsoft/ApplicationInsights-Home/tree/master/SmartDetection/billing-data-volume-daily-spike.md",
                    "IsHidden": false,
                    "IsEnabledByDefault": true,
                    "IsInPreview": true,
                    "SupportsEmailNotifications": false
                },
                "enabled": true,
                "sendEmailsToSubscriptionOwners": true,
                "customEmails": []
            }
        },
        {
            "type": "microsoft.insights/components/ProactiveDetectionConfigs",
            "apiVersion": "2018-05-01-preview",
            "name": "[concat(parameters('components_EduSyncAPI_name'), '/extension_canaryextension')]",
            "location": "japaneast",
            "dependsOn": [
                "[resourceId('microsoft.insights/components', parameters('components_EduSyncAPI_name'))]"
            ],
            "properties": {
                "ruleDefinitions": {
                    "Name": "extension_canaryextension",
                    "DisplayName": "Canary extension",
                    "Description": "Canary extension",
                    "HelpUrl": "https://github.com/Microsoft/ApplicationInsights-Home/blob/master/SmartDetection/",
                    "IsHidden": true,
                    "IsEnabledByDefault": true,
                    "IsInPreview": true,
                    "SupportsEmailNotifications": false
                },
                "enabled": true,
                "sendEmailsToSubscriptionOwners": true,
                "customEmails": []
            }
        },
        {
            "type": "microsoft.insights/components/ProactiveDetectionConfigs",
            "apiVersion": "2018-05-01-preview",
            "name": "[concat(parameters('components_EduSyncAPI_name'), '/extension_exceptionchangeextension')]",
            "location": "japaneast",
            "dependsOn": [
                "[resourceId('microsoft.insights/components', parameters('components_EduSyncAPI_name'))]"
            ],
            "properties": {
                "ruleDefinitions": {
                    "Name": "extension_exceptionchangeextension",
                    "DisplayName": "Abnormal rise in exception volume (preview)",
                    "Description": "This detection rule automatically analyzes the exceptions thrown in your application, and can warn you about unusual patterns in your exception telemetry.",
                    "HelpUrl": "https://github.com/Microsoft/ApplicationInsights-Home/blob/master/SmartDetection/abnormal-rise-in-exception-volume.md",
                    "IsHidden": false,
                    "IsEnabledByDefault": true,
                    "IsInPreview": true,
                    "SupportsEmailNotifications": false
                },
                "enabled": true,
                "sendEmailsToSubscriptionOwners": true,
                "customEmails": []
            }
        },
        {
            "type": "microsoft.insights/components/ProactiveDetectionConfigs",
            "apiVersion": "2018-05-01-preview",
            "name": "[concat(parameters('components_EduSyncAPI_name'), '/extension_memoryleakextension')]",
            "location": "japaneast",
            "dependsOn": [
                "[resourceId('microsoft.insights/components', parameters('components_EduSyncAPI_name'))]"
            ],
            "properties": {
                "ruleDefinitions": {
                    "Name": "extension_memoryleakextension",
                    "DisplayName": "Potential memory leak detected (preview)",
                    "Description": "This detection rule automatically analyzes the memory consumption of each process in your application, and can warn you about potential memory leaks or increased memory consumption.",
                    "HelpUrl": "https://github.com/Microsoft/ApplicationInsights-Home/tree/master/SmartDetection/memory-leak.md",
                    "IsHidden": false,
                    "IsEnabledByDefault": true,
                    "IsInPreview": true,
                    "SupportsEmailNotifications": false
                },
                "enabled": true,
                "sendEmailsToSubscriptionOwners": true,
                "customEmails": []
            }
        },
        {
            "type": "microsoft.insights/components/ProactiveDetectionConfigs",
            "apiVersion": "2018-05-01-preview",
            "name": "[concat(parameters('components_EduSyncAPI_name'), '/extension_securityextensionspackage')]",
            "location": "japaneast",
            "dependsOn": [
                "[resourceId('microsoft.insights/components', parameters('components_EduSyncAPI_name'))]"
            ],
            "properties": {
                "ruleDefinitions": {
                    "Name": "extension_securityextensionspackage",
                    "DisplayName": "Potential security issue detected (preview)",
                    "Description": "This detection rule automatically analyzes the telemetry generated by your application and detects potential security issues.",
                    "HelpUrl": "https://github.com/Microsoft/ApplicationInsights-Home/blob/master/SmartDetection/application-security-detection-pack.md",
                    "IsHidden": false,
                    "IsEnabledByDefault": true,
                    "IsInPreview": true,
                    "SupportsEmailNotifications": false
                },
                "enabled": true,
                "sendEmailsToSubscriptionOwners": true,
                "customEmails": []
            }
        },
        {
            "type": "microsoft.insights/components/ProactiveDetectionConfigs",
            "apiVersion": "2018-05-01-preview",
            "name": "[concat(parameters('components_EduSyncAPI_name'), '/extension_traceseveritydetector')]",
            "location": "japaneast",
            "dependsOn": [
                "[resourceId('microsoft.insights/components', parameters('components_EduSyncAPI_name'))]"
            ],
            "properties": {
                "ruleDefinitions": {
                    "Name": "extension_traceseveritydetector",
                    "DisplayName": "Degradation in trace severity ratio (preview)",
                    "Description": "This detection rule automatically analyzes the trace logs emitted from your application, and can warn you about unusual patterns in the severity of your trace telemetry.",
                    "HelpUrl": "https://github.com/Microsoft/ApplicationInsights-Home/blob/master/SmartDetection/degradation-in-trace-severity-ratio.md",
                    "IsHidden": false,
                    "IsEnabledByDefault": true,
                    "IsInPreview": true,
                    "SupportsEmailNotifications": false
                },
                "enabled": true,
                "sendEmailsToSubscriptionOwners": true,
                "customEmails": []
            }
        },
        {
            "type": "microsoft.insights/components/ProactiveDetectionConfigs",
            "apiVersion": "2018-05-01-preview",
            "name": "[concat(parameters('components_EduSyncAPI_name'), '/longdependencyduration')]",
            "location": "japaneast",
            "dependsOn": [
                "[resourceId('microsoft.insights/components', parameters('components_EduSyncAPI_name'))]"
            ],
            "properties": {
                "ruleDefinitions": {
                    "Name": "longdependencyduration",
                    "DisplayName": "Long dependency duration",
                    "Description": "Smart Detection rules notify you of performance anomaly issues.",
                    "HelpUrl": "https://docs.microsoft.com/en-us/azure/application-insights/app-insights-proactive-performance-diagnostics",
                    "IsHidden": false,
                    "IsEnabledByDefault": true,
                    "IsInPreview": false,
                    "SupportsEmailNotifications": true
                },
                "enabled": true,
                "sendEmailsToSubscriptionOwners": true,
                "customEmails": []
            }
        },
        {
            "type": "microsoft.insights/components/ProactiveDetectionConfigs",
            "apiVersion": "2018-05-01-preview",
            "name": "[concat(parameters('components_EduSyncAPI_name'), '/migrationToAlertRulesCompleted')]",
            "location": "japaneast",
            "dependsOn": [
                "[resourceId('microsoft.insights/components', parameters('components_EduSyncAPI_name'))]"
            ],
            "properties": {
                "ruleDefinitions": {
                    "Name": "migrationToAlertRulesCompleted",
                    "DisplayName": "Migration To Alert Rules Completed",
                    "Description": "A configuration that controls the migration state of Smart Detection to Smart Alerts",
                    "HelpUrl": "https://docs.microsoft.com/en-us/azure/application-insights/app-insights-proactive-performance-diagnostics",
                    "IsHidden": true,
                    "IsEnabledByDefault": false,
                    "IsInPreview": true,
                    "SupportsEmailNotifications": false
                },
                "enabled": false,
                "sendEmailsToSubscriptionOwners": true,
                "customEmails": []
            }
        },
        {
            "type": "microsoft.insights/components/ProactiveDetectionConfigs",
            "apiVersion": "2018-05-01-preview",
            "name": "[concat(parameters('components_EduSyncAPI_name'), '/slowpageloadtime')]",
            "location": "japaneast",
            "dependsOn": [
                "[resourceId('microsoft.insights/components', parameters('components_EduSyncAPI_name'))]"
            ],
            "properties": {
                "ruleDefinitions": {
                    "Name": "slowpageloadtime",
                    "DisplayName": "Slow page load time",
                    "Description": "Smart Detection rules notify you of performance anomaly issues.",
                    "HelpUrl": "https://docs.microsoft.com/en-us/azure/application-insights/app-insights-proactive-performance-diagnostics",
                    "IsHidden": false,
                    "IsEnabledByDefault": true,
                    "IsInPreview": false,
                    "SupportsEmailNotifications": true
                },
                "enabled": true,
                "sendEmailsToSubscriptionOwners": true,
                "customEmails": []
            }
        },
        {
            "type": "microsoft.insights/components/ProactiveDetectionConfigs",
            "apiVersion": "2018-05-01-preview",
            "name": "[concat(parameters('components_EduSyncAPI_name'), '/slowserverresponsetime')]",
            "location": "japaneast",
            "dependsOn": [
                "[resourceId('microsoft.insights/components', parameters('components_EduSyncAPI_name'))]"
            ],
            "properties": {
                "ruleDefinitions": {
                    "Name": "slowserverresponsetime",
                    "DisplayName": "Slow server response time",
                    "Description": "Smart Detection rules notify you of performance anomaly issues.",
                    "HelpUrl": "https://docs.microsoft.com/en-us/azure/application-insights/app-insights-proactive-performance-diagnostics",
                    "IsHidden": false,
                    "IsEnabledByDefault": true,
                    "IsInPreview": false,
                    "SupportsEmailNotifications": true
                },
                "enabled": true,
                "sendEmailsToSubscriptionOwners": true,
                "customEmails": []
            }
        },
        {
            "type": "Microsoft.Sql/servers/advancedThreatProtectionSettings",
            "apiVersion": "2024-05-01-preview",
            "name": "[concat(parameters('servers_edusyncserver01_name'), '/Default')]",
            "dependsOn": [
                "[resourceId('Microsoft.Sql/servers', parameters('servers_edusyncserver01_name'))]"
            ],
            "properties": {
                "state": "Disabled"
            }
        },
        {
            "type": "Microsoft.Sql/servers/advisors",
            "apiVersion": "2014-04-01",
            "name": "[concat(parameters('servers_edusyncserver01_name'), '/CreateIndex')]",
            "dependsOn": [
                "[resourceId('Microsoft.Sql/servers', parameters('servers_edusyncserver01_name'))]"
            ],
            "properties": {
                "autoExecuteValue": "Disabled"
            }
        },
        {
            "type": "Microsoft.Sql/servers/advisors",
            "apiVersion": "2014-04-01",
            "name": "[concat(parameters('servers_edusyncserver01_name'), '/DbParameterization')]",
            "dependsOn": [
                "[resourceId('Microsoft.Sql/servers', parameters('servers_edusyncserver01_name'))]"
            ],
            "properties": {
                "autoExecuteValue": "Disabled"
            }
        },
        {
            "type": "Microsoft.Sql/servers/advisors",
            "apiVersion": "2014-04-01",
            "name": "[concat(parameters('servers_edusyncserver01_name'), '/DefragmentIndex')]",
            "dependsOn": [
                "[resourceId('Microsoft.Sql/servers', parameters('servers_edusyncserver01_name'))]"
            ],
            "properties": {
                "autoExecuteValue": "Disabled"
            }
        },
        {
            "type": "Microsoft.Sql/servers/advisors",
            "apiVersion": "2014-04-01",
            "name": "[concat(parameters('servers_edusyncserver01_name'), '/DropIndex')]",
            "dependsOn": [
                "[resourceId('Microsoft.Sql/servers', parameters('servers_edusyncserver01_name'))]"
            ],
            "properties": {
                "autoExecuteValue": "Disabled"
            }
        },
        {
            "type": "Microsoft.Sql/servers/advisors",
            "apiVersion": "2014-04-01",
            "name": "[concat(parameters('servers_edusyncserver01_name'), '/ForceLastGoodPlan')]",
            "dependsOn": [
                "[resourceId('Microsoft.Sql/servers', parameters('servers_edusyncserver01_name'))]"
            ],
            "properties": {
                "autoExecuteValue": "Enabled"
            }
        },
        {
            "type": "Microsoft.Sql/servers/auditingPolicies",
            "apiVersion": "2014-04-01",
            "name": "[concat(parameters('servers_edusyncserver01_name'), '/Default')]",
            "location": "Japan East",
            "dependsOn": [
                "[resourceId('Microsoft.Sql/servers', parameters('servers_edusyncserver01_name'))]"
            ],
            "properties": {
                "auditingState": "Disabled"
            }
        },
        {
            "type": "Microsoft.Sql/servers/auditingSettings",
            "apiVersion": "2024-05-01-preview",
            "name": "[concat(parameters('servers_edusyncserver01_name'), '/Default')]",
            "dependsOn": [
                "[resourceId('Microsoft.Sql/servers', parameters('servers_edusyncserver01_name'))]"
            ],
            "properties": {
                "retentionDays": 0,
                "auditActionsAndGroups": [],
                "isStorageSecondaryKeyInUse": false,
                "isAzureMonitorTargetEnabled": false,
                "isManagedIdentityInUse": false,
                "state": "Disabled",
                "storageAccountSubscriptionId": "00000000-0000-0000-0000-000000000000"
            }
        },
        {
            "type": "Microsoft.Sql/servers/connectionPolicies",
            "apiVersion": "2024-05-01-preview",
            "name": "[concat(parameters('servers_edusyncserver01_name'), '/default')]",
            "location": "japaneast",
            "dependsOn": [
                "[resourceId('Microsoft.Sql/servers', parameters('servers_edusyncserver01_name'))]"
            ],
            "properties": {
                "connectionType": "Default"
            }
        },
        {
            "type": "Microsoft.Sql/servers/databases",
            "apiVersion": "2024-05-01-preview",
            "name": "[concat(parameters('servers_edusyncserver01_name'), '/EduSyncDB')]",
            "location": "japaneast",
            "dependsOn": [
                "[resourceId('Microsoft.Sql/servers', parameters('servers_edusyncserver01_name'))]"
            ],
            "sku": {
                "name": "Standard",
                "tier": "Standard",
                "capacity": 10
            },
            "kind": "v12.0,user",
            "properties": {
                "collation": "SQL_Latin1_General_CP1_CI_AS",
                "maxSizeBytes": 268435456000,
                "catalogCollation": "SQL_Latin1_General_CP1_CI_AS",
                "zoneRedundant": false,
                "readScale": "Disabled",
                "requestedBackupStorageRedundancy": "Geo",
                "maintenanceConfigurationId": "/subscriptions/02844d88-3531-470a-b8bb-e7d38029e3ea/providers/Microsoft.Maintenance/publicMaintenanceConfigurations/SQL_Default",
                "isLedgerOn": false,
                "availabilityZone": "NoPreference"
            }
        },
        {
            "type": "Microsoft.Sql/servers/databases/advancedThreatProtectionSettings",
            "apiVersion": "2024-05-01-preview",
            "name": "[concat(parameters('servers_edusyncserver01_name'), '/master/Default')]",
            "dependsOn": [
                "[resourceId('Microsoft.Sql/servers', parameters('servers_edusyncserver01_name'))]"
            ],
            "properties": {
                "state": "Disabled"
            }
        },
        {
            "type": "Microsoft.Sql/servers/databases/auditingPolicies",
            "apiVersion": "2014-04-01",
            "name": "[concat(parameters('servers_edusyncserver01_name'), '/master/Default')]",
            "location": "Japan East",
            "dependsOn": [
                "[resourceId('Microsoft.Sql/servers', parameters('servers_edusyncserver01_name'))]"
            ],
            "properties": {
                "auditingState": "Disabled"
            }
        },
        {
            "type": "Microsoft.Sql/servers/databases/auditingSettings",
            "apiVersion": "2024-05-01-preview",
            "name": "[concat(parameters('servers_edusyncserver01_name'), '/master/Default')]",
            "dependsOn": [
                "[resourceId('Microsoft.Sql/servers', parameters('servers_edusyncserver01_name'))]"
            ],
            "properties": {
                "retentionDays": 0,
                "isAzureMonitorTargetEnabled": false,
                "state": "Disabled",
                "storageAccountSubscriptionId": "00000000-0000-0000-0000-000000000000"
            }
        },
        {
            "type": "Microsoft.Sql/servers/databases/extendedAuditingSettings",
            "apiVersion": "2024-05-01-preview",
            "name": "[concat(parameters('servers_edusyncserver01_name'), '/master/Default')]",
            "dependsOn": [
                "[resourceId('Microsoft.Sql/servers', parameters('servers_edusyncserver01_name'))]"
            ],
            "properties": {
                "retentionDays": 0,
                "isAzureMonitorTargetEnabled": false,
                "state": "Disabled",
                "storageAccountSubscriptionId": "00000000-0000-0000-0000-000000000000"
            }
        },
        {
            "type": "Microsoft.Sql/servers/databases/geoBackupPolicies",
            "apiVersion": "2024-05-01-preview",
            "name": "[concat(parameters('servers_edusyncserver01_name'), '/master/Default')]",
            "dependsOn": [
                "[resourceId('Microsoft.Sql/servers', parameters('servers_edusyncserver01_name'))]"
            ],
            "properties": {
                "state": "Disabled"
            }
        },
        {
            "type": "Microsoft.Sql/servers/databases/ledgerDigestUploads",
            "apiVersion": "2024-05-01-preview",
            "name": "[concat(parameters('servers_edusyncserver01_name'), '/master/Current')]",
            "dependsOn": [
                "[resourceId('Microsoft.Sql/servers', parameters('servers_edusyncserver01_name'))]"
            ],
            "properties": {}
        },
        {
            "type": "Microsoft.Sql/servers/databases/securityAlertPolicies",
            "apiVersion": "2024-05-01-preview",
            "name": "[concat(parameters('servers_edusyncserver01_name'), '/master/Default')]",
            "dependsOn": [
                "[resourceId('Microsoft.Sql/servers', parameters('servers_edusyncserver01_name'))]"
            ],
            "properties": {
                "state": "Disabled",
                "disabledAlerts": [
                    ""
                ],
                "emailAddresses": [
                    ""
                ],
                "emailAccountAdmins": false,
                "retentionDays": 0
            }
        },
        {
            "type": "Microsoft.Sql/servers/databases/transparentDataEncryption",
            "apiVersion": "2024-05-01-preview",
            "name": "[concat(parameters('servers_edusyncserver01_name'), '/master/Current')]",
            "dependsOn": [
                "[resourceId('Microsoft.Sql/servers', parameters('servers_edusyncserver01_name'))]"
            ],
            "properties": {
                "state": "Disabled"
            }
        },
        {
            "type": "Microsoft.Sql/servers/databases/vulnerabilityAssessments",
            "apiVersion": "2024-05-01-preview",
            "name": "[concat(parameters('servers_edusyncserver01_name'), '/master/Default')]",
            "dependsOn": [
                "[resourceId('Microsoft.Sql/servers', parameters('servers_edusyncserver01_name'))]"
            ],
            "properties": {
                "recurringScans": {
                    "isEnabled": false,
                    "emailSubscriptionAdmins": true
                }
            }
        },
        {
            "type": "Microsoft.Sql/servers/devOpsAuditingSettings",
            "apiVersion": "2024-05-01-preview",
            "name": "[concat(parameters('servers_edusyncserver01_name'), '/Default')]",
            "dependsOn": [
                "[resourceId('Microsoft.Sql/servers', parameters('servers_edusyncserver01_name'))]"
            ],
            "properties": {
                "isAzureMonitorTargetEnabled": false,
                "isManagedIdentityInUse": false,
                "state": "Disabled",
                "storageAccountSubscriptionId": "00000000-0000-0000-0000-000000000000"
            }
        },
        {
            "type": "Microsoft.Sql/servers/encryptionProtector",
            "apiVersion": "2024-05-01-preview",
            "name": "[concat(parameters('servers_edusyncserver01_name'), '/current')]",
            "dependsOn": [
                "[resourceId('Microsoft.Sql/servers', parameters('servers_edusyncserver01_name'))]"
            ],
            "kind": "servicemanaged",
            "properties": {
                "serverKeyName": "ServiceManaged",
                "serverKeyType": "ServiceManaged",
                "autoRotationEnabled": false
            }
        },
        {
            "type": "Microsoft.Sql/servers/extendedAuditingSettings",
            "apiVersion": "2024-05-01-preview",
            "name": "[concat(parameters('servers_edusyncserver01_name'), '/Default')]",
            "dependsOn": [
                "[resourceId('Microsoft.Sql/servers', parameters('servers_edusyncserver01_name'))]"
            ],
            "properties": {
                "retentionDays": 0,
                "auditActionsAndGroups": [],
                "isStorageSecondaryKeyInUse": false,
                "isAzureMonitorTargetEnabled": false,
                "isManagedIdentityInUse": false,
                "state": "Disabled",
                "storageAccountSubscriptionId": "00000000-0000-0000-0000-000000000000"
            }
        },
        {
            "type": "Microsoft.Sql/servers/firewallRules",
            "apiVersion": "2024-05-01-preview",
            "name": "[concat(parameters('servers_edusyncserver01_name'), '/AllowAllWindowsAzureIps')]",
            "dependsOn": [
                "[resourceId('Microsoft.Sql/servers', parameters('servers_edusyncserver01_name'))]"
            ],
            "properties": {
                "startIpAddress": "0.0.0.0",
                "endIpAddress": "0.0.0.0"
            }
        },
        {
            "type": "Microsoft.Sql/servers/firewallRules",
            "apiVersion": "2024-05-01-preview",
            "name": "[concat(parameters('servers_edusyncserver01_name'), '/EduSync')]",
            "dependsOn": [
                "[resourceId('Microsoft.Sql/servers', parameters('servers_edusyncserver01_name'))]"
            ],
            "properties": {
                "startIpAddress": "0.0.0.0",
                "endIpAddress": "255.255.255.255"
            }
        },
        {
            "type": "Microsoft.Sql/servers/firewallRules",
            "apiVersion": "2024-05-01-preview",
            "name": "[concat(parameters('servers_edusyncserver01_name'), '/PowerBiCloud')]",
            "dependsOn": [
                "[resourceId('Microsoft.Sql/servers', parameters('servers_edusyncserver01_name'))]"
            ],
            "properties": {
                "startIpAddress": "0.0.0.0",
                "endIpAddress": "0.0.0.0"
            }
        },
        {
            "type": "Microsoft.Sql/servers/keys",
            "apiVersion": "2024-05-01-preview",
            "name": "[concat(parameters('servers_edusyncserver01_name'), '/ServiceManaged')]",
            "dependsOn": [
                "[resourceId('Microsoft.Sql/servers', parameters('servers_edusyncserver01_name'))]"
            ],
            "kind": "servicemanaged",
            "properties": {
                "serverKeyType": "ServiceManaged"
            }
        },
        {
            "type": "Microsoft.Sql/servers/securityAlertPolicies",
            "apiVersion": "2024-05-01-preview",
            "name": "[concat(parameters('servers_edusyncserver01_name'), '/Default')]",
            "dependsOn": [
                "[resourceId('Microsoft.Sql/servers', parameters('servers_edusyncserver01_name'))]"
            ],
            "properties": {
                "state": "Disabled",
                "disabledAlerts": [
                    ""
                ],
                "emailAddresses": [
                    ""
                ],
                "emailAccountAdmins": false,
                "retentionDays": 0
            }
        },
        {
            "type": "Microsoft.Sql/servers/sqlVulnerabilityAssessments",
            "apiVersion": "2024-05-01-preview",
            "name": "[concat(parameters('servers_edusyncserver01_name'), '/Default')]",
            "dependsOn": [
                "[resourceId('Microsoft.Sql/servers', parameters('servers_edusyncserver01_name'))]"
            ],
            "properties": {
                "state": "Disabled"
            }
        },
        {
            "type": "Microsoft.Sql/servers/vulnerabilityAssessments",
            "apiVersion": "2024-05-01-preview",
            "name": "[concat(parameters('servers_edusyncserver01_name'), '/Default')]",
            "dependsOn": [
                "[resourceId('Microsoft.Sql/servers', parameters('servers_edusyncserver01_name'))]"
            ],
            "properties": {
                "recurringScans": {
                    "isEnabled": false,
                    "emailSubscriptionAdmins": true
                },
                "storageContainerPath": "[parameters('vulnerabilityAssessments_Default_storageContainerPath')]"
            }
        },
        {
            "type": "Microsoft.Storage/storageAccounts/blobServices",
            "apiVersion": "2024-01-01",
            "name": "[concat(parameters('storageAccounts_edusyncblobstorage01_name'), '/default')]",
            "dependsOn": [
                "[resourceId('Microsoft.Storage/storageAccounts', parameters('storageAccounts_edusyncblobstorage01_name'))]"
            ],
            "sku": {
                "name": "Standard_LRS",
                "tier": "Standard"
            },
            "properties": {
                "containerDeleteRetentionPolicy": {
                    "enabled": true,
                    "days": 7
                },
                "cors": {
                    "corsRules": []
                },
                "deleteRetentionPolicy": {
                    "allowPermanentDelete": false,
                    "enabled": true,
                    "days": 7
                }
            }
        },
        {
            "type": "Microsoft.Storage/storageAccounts/blobServices",
            "apiVersion": "2024-01-01",
            "name": "[concat(parameters('storageAccounts_edusyncserver_name'), '/default')]",
            "dependsOn": [
                "[resourceId('Microsoft.Storage/storageAccounts', parameters('storageAccounts_edusyncserver_name'))]"
            ],
            "sku": {
                "name": "Standard_LRS",
                "tier": "Standard"
            },
            "properties": {
                "containerDeleteRetentionPolicy": {
                    "enabled": true,
                    "days": 7
                },
                "cors": {
                    "corsRules": []
                },
                "deleteRetentionPolicy": {
                    "allowPermanentDelete": false,
                    "enabled": true,
                    "days": 7
                }
            }
        },
        {
            "type": "Microsoft.Storage/storageAccounts/fileServices",
            "apiVersion": "2024-01-01",
            "name": "[concat(parameters('storageAccounts_edusyncblobstorage01_name'), '/default')]",
            "dependsOn": [
                "[resourceId('Microsoft.Storage/storageAccounts', parameters('storageAccounts_edusyncblobstorage01_name'))]"
            ],
            "sku": {
                "name": "Standard_LRS",
                "tier": "Standard"
            },
            "properties": {
                "protocolSettings": {
                    "smb": {}
                },
                "cors": {
                    "corsRules": []
                },
                "shareDeleteRetentionPolicy": {
                    "enabled": true,
                    "days": 7
                }
            }
        },
        {
            "type": "Microsoft.Storage/storageAccounts/fileServices",
            "apiVersion": "2024-01-01",
            "name": "[concat(parameters('storageAccounts_edusyncserver_name'), '/default')]",
            "dependsOn": [
                "[resourceId('Microsoft.Storage/storageAccounts', parameters('storageAccounts_edusyncserver_name'))]"
            ],
            "sku": {
                "name": "Standard_LRS",
                "tier": "Standard"
            },
            "properties": {
                "protocolSettings": {
                    "smb": {}
                },
                "cors": {
                    "corsRules": []
                },
                "shareDeleteRetentionPolicy": {
                    "enabled": true,
                    "days": 7
                }
            }
        },
        {
            "type": "Microsoft.Storage/storageAccounts/queueServices",
            "apiVersion": "2024-01-01",
            "name": "[concat(parameters('storageAccounts_edusyncblobstorage01_name'), '/default')]",
            "dependsOn": [
                "[resourceId('Microsoft.Storage/storageAccounts', parameters('storageAccounts_edusyncblobstorage01_name'))]"
            ],
            "properties": {
                "cors": {
                    "corsRules": []
                }
            }
        },
        {
            "type": "Microsoft.Storage/storageAccounts/queueServices",
            "apiVersion": "2024-01-01",
            "name": "[concat(parameters('storageAccounts_edusyncserver_name'), '/default')]",
            "dependsOn": [
                "[resourceId('Microsoft.Storage/storageAccounts', parameters('storageAccounts_edusyncserver_name'))]"
            ],
            "properties": {
                "cors": {
                    "corsRules": []
                }
            }
        },
        {
            "type": "Microsoft.Storage/storageAccounts/tableServices",
            "apiVersion": "2024-01-01",
            "name": "[concat(parameters('storageAccounts_edusyncblobstorage01_name'), '/default')]",
            "dependsOn": [
                "[resourceId('Microsoft.Storage/storageAccounts', parameters('storageAccounts_edusyncblobstorage01_name'))]"
            ],
            "properties": {
                "cors": {
                    "corsRules": []
                }
            }
        },
        {
            "type": "Microsoft.Storage/storageAccounts/tableServices",
            "apiVersion": "2024-01-01",
            "name": "[concat(parameters('storageAccounts_edusyncserver_name'), '/default')]",
            "dependsOn": [
                "[resourceId('Microsoft.Storage/storageAccounts', parameters('storageAccounts_edusyncserver_name'))]"
            ],
            "properties": {
                "cors": {
                    "corsRules": []
                }
            }
        },
        {
            "type": "Microsoft.StreamAnalytics/streamingjobs/inputs",
            "apiVersion": "2021-10-01-preview",
            "name": "[concat(parameters('streamingjobs_quizstreamjob_name'), '/quizinput')]",
            "dependsOn": [
                "[resourceId('Microsoft.StreamAnalytics/streamingjobs', parameters('streamingjobs_quizstreamjob_name'))]"
            ],
            "properties": {
                "type": "Stream",
                "datasource": {
                    "type": "Microsoft.EventHub/EventHub",
                    "properties": {
                        "eventHubName": "quizhub",
                        "serviceBusNamespace": "edusync-quizhub",
                        "sharedAccessPolicyName": "RootManageSharedAccessKey",
                        "authenticationMode": "ConnectionString"
                    }
                },
                "compression": {
                    "type": "None"
                },
                "serialization": {
                    "type": "Json",
                    "properties": {
                        "encoding": "UTF8"
                    }
                }
            }
        },
        {
            "type": "Microsoft.StreamAnalytics/streamingjobs/outputs",
            "apiVersion": "2021-10-01-preview",
            "name": "[concat(parameters('streamingjobs_quizstreamjob_name'), '/quizoutput')]",
            "dependsOn": [
                "[resourceId('Microsoft.StreamAnalytics/streamingjobs', parameters('streamingjobs_quizstreamjob_name'))]"
            ],
            "properties": {
                "datasource": {
                    "type": "Microsoft.Sql/Server/Database",
                    "properties": {
                        "maxWriterCount": 1,
                        "maxBatchCount": 10000,
                        "table": "[[dbo].[QuizResults]",
                        "server": "edusyncserver01",
                        "database": "EduSyncDB",
                        "user": "edusyncserver",
                        "authenticationMode": "ConnectionString"
                    }
                }
            }
        },
        {
            "type": "Microsoft.Web/sites",
            "apiVersion": "2024-04-01",
            "name": "[parameters('sites_EduSyncAPI_name')]",
            "location": "Japan East",
            "dependsOn": [
                "[resourceId('Microsoft.Web/serverfarms', parameters('serverfarms_EduSyncAPI20250601145345Plan_name'))]"
            ],
            "tags": {
                "hidden-related:/subscriptions/02844d88-3531-470a-b8bb-e7d38029e3ea/resourceGroups/EduSyncRG/providers/Microsoft.Web/serverFarms/EduSyncAPI20250601145345Plan": "empty",
                "hidden-link: /app-insights-resource-id": "/subscriptions/02844d88-3531-470a-b8bb-e7d38029e3ea/resourceGroups/EduSyncRG/providers/microsoft.insights/components/EduSyncAPI"
            },
            "kind": "app",
            "identity": {
                "type": "SystemAssigned"
            },
            "properties": {
                "enabled": true,
                "hostNameSslStates": [
                    {
                        "name": "edusyncapi-brc7fmdmhjbbfcdx.japaneast-01.azurewebsites.net",
                        "sslState": "Disabled",
                        "hostType": "Standard"
                    },
                    {
                        "name": "edusyncapi-brc7fmdmhjbbfcdx.scm.japaneast-01.azurewebsites.net",
                        "sslState": "Disabled",
                        "hostType": "Repository"
                    }
                ],
                "serverFarmId": "[resourceId('Microsoft.Web/serverfarms', parameters('serverfarms_EduSyncAPI20250601145345Plan_name'))]",
                "reserved": false,
                "isXenon": false,
                "hyperV": false,
                "dnsConfiguration": {},
                "vnetRouteAllEnabled": false,
                "vnetImagePullEnabled": false,
                "vnetContentShareEnabled": false,
                "siteConfig": {
                    "numberOfWorkers": 1,
                    "acrUseManagedIdentityCreds": false,
                    "alwaysOn": false,
                    "http20Enabled": false,
                    "functionAppScaleLimit": 0,
                    "minimumElasticInstanceCount": 1
                },
                "scmSiteAlsoStopped": false,
                "clientAffinityEnabled": true,
                "clientCertEnabled": false,
                "clientCertMode": "Required",
                "hostNamesDisabled": false,
                "ipMode": "IPv4",
                "vnetBackupRestoreEnabled": false,
                "customDomainVerificationId": "E91C6D857DD61787BB212B5B281ACD6F251559AB7225235085ECE2D889666888",
                "containerSize": 0,
                "dailyMemoryTimeQuota": 0,
                "httpsOnly": true,
                "endToEndEncryptionEnabled": false,
                "redundancyMode": "None",
                "storageAccountRequired": false,
                "keyVaultReferenceIdentity": "SystemAssigned",
                "autoGeneratedDomainNameLabelScope": "TenantReuse"
            }
        },
        {
            "type": "Microsoft.Web/sites/basicPublishingCredentialsPolicies",
            "apiVersion": "2024-04-01",
            "name": "[concat(parameters('sites_EduSyncAPI_name'), '/ftp')]",
            "location": "Japan East",
            "dependsOn": [
                "[resourceId('Microsoft.Web/sites', parameters('sites_EduSyncAPI_name'))]"
            ],
            "tags": {
                "hidden-related:/subscriptions/02844d88-3531-470a-b8bb-e7d38029e3ea/resourceGroups/EduSyncRG/providers/Microsoft.Web/serverFarms/EduSyncAPI20250601145345Plan": "empty",
                "hidden-link: /app-insights-resource-id": "/subscriptions/02844d88-3531-470a-b8bb-e7d38029e3ea/resourceGroups/EduSyncRG/providers/microsoft.insights/components/EduSyncAPI"
            },
            "properties": {
                "allow": false
            }
        },
        {
            "type": "Microsoft.Web/sites/basicPublishingCredentialsPolicies",
            "apiVersion": "2024-04-01",
            "name": "[concat(parameters('sites_EduSyncAPI_name'), '/scm')]",
            "location": "Japan East",
            "dependsOn": [
                "[resourceId('Microsoft.Web/sites', parameters('sites_EduSyncAPI_name'))]"
            ],
            "tags": {
                "hidden-related:/subscriptions/02844d88-3531-470a-b8bb-e7d38029e3ea/resourceGroups/EduSyncRG/providers/Microsoft.Web/serverFarms/EduSyncAPI20250601145345Plan": "empty",
                "hidden-link: /app-insights-resource-id": "/subscriptions/02844d88-3531-470a-b8bb-e7d38029e3ea/resourceGroups/EduSyncRG/providers/microsoft.insights/components/EduSyncAPI"
            },
            "properties": {
                "allow": false
            }
        },
        {
            "type": "Microsoft.Web/sites/config",
            "apiVersion": "2024-04-01",
            "name": "[concat(parameters('sites_EduSyncAPI_name'), '/web')]",
            "location": "Japan East",
            "dependsOn": [
                "[resourceId('Microsoft.Web/sites', parameters('sites_EduSyncAPI_name'))]"
            ],
            "tags": {
                "hidden-related:/subscriptions/02844d88-3531-470a-b8bb-e7d38029e3ea/resourceGroups/EduSyncRG/providers/Microsoft.Web/serverFarms/EduSyncAPI20250601145345Plan": "empty",
                "hidden-link: /app-insights-resource-id": "/subscriptions/02844d88-3531-470a-b8bb-e7d38029e3ea/resourceGroups/EduSyncRG/providers/microsoft.insights/components/EduSyncAPI"
            },
            "properties": {
                "numberOfWorkers": 1,
                "defaultDocuments": [
                    "Default.htm",
                    "Default.html",
                    "Default.asp",
                    "index.htm",
                    "index.html",
                    "iisstart.htm",
                    "default.aspx",
                    "index.php",
                    "hostingstart.html"
                ],
                "netFrameworkVersion": "v8.0",
                "phpVersion": "5.6",
                "requestTracingEnabled": false,
                "remoteDebuggingEnabled": false,
                "remoteDebuggingVersion": "VS2022",
                "httpLoggingEnabled": false,
                "acrUseManagedIdentityCreds": false,
                "logsDirectorySizeLimit": 35,
                "detailedErrorLoggingEnabled": false,
                "publishingUsername": "REDACTED",
                "scmType": "VSTSRM",
                "use32BitWorkerProcess": true,
                "webSocketsEnabled": false,
                "alwaysOn": false,
                "managedPipelineMode": "Integrated",
                "virtualApplications": [
                    {
                        "virtualPath": "/",
                        "physicalPath": "site\\wwwroot",
                        "preloadEnabled": false
                    }
                ],
                "loadBalancing": "LeastRequests",
                "experiments": {
                    "rampUpRules": []
                },
                "autoHealEnabled": false,
                "vnetRouteAllEnabled": false,
                "vnetPrivatePortsCount": 0,
                "localMySqlEnabled": false,
                "managedServiceIdentityId": 26548,
                "ipSecurityRestrictions": [
                    {
                        "ipAddress": "Any",
                        "action": "Allow",
                        "priority": 2147483647,
                        "name": "Allow all",
                        "description": "Allow all access"
                    }
                ],
                "scmIpSecurityRestrictions": [
                    {
                        "ipAddress": "Any",
                        "action": "Allow",
                        "priority": 2147483647,
                        "name": "Allow all",
                        "description": "Allow all access"
                    }
                ],
                "scmIpSecurityRestrictionsUseMain": false,
                "http20Enabled": false,
                "minTlsVersion": "1.2",
                "scmMinTlsVersion": "1.2",
                "ftpsState": "FtpsOnly",
                "preWarmedInstanceCount": 0,
                "elasticWebAppScaleLimit": 0,
                "functionsRuntimeScaleMonitoringEnabled": false,
                "minimumElasticInstanceCount": 1,
                "azureStorageAccounts": {}
            }
        },
        {
            "type": "Microsoft.Web/sites/deployments",
            "apiVersion": "2024-04-01",
            "name": "[concat(parameters('sites_EduSyncAPI_name'), '/54bd328bd00644459bf6ce548794d9a5')]",
            "location": "Japan East",
            "dependsOn": [
                "[resourceId('Microsoft.Web/sites', parameters('sites_EduSyncAPI_name'))]"
            ],
            "properties": {
                "status": 4,
                "author_email": "N/A",
                "author": "N/A",
                "deployer": "VSTS",
                "message": "{\"type\":\"deployment\",\"commitId\":\"5ec5d5863872d35abf47eedd6bb31883ef90c9db\",\"buildId\":\"8\",\"buildNumber\":\"20250620.2\",\"repoProvider\":\"GitHub\",\"repoName\":\"Yashas7i/EduSyncAPI\",\"collectionUrl\":\"https://dev.azure.com/yashas7i/\",\"teamProject\":\"58be33d2-b9ed-40b8-a40c-c7e0d442e954\",\"buildProjectUrl\":\"https://dev.azure.com/yashas7i/58be33d2-b9ed-40b8-a40c-c7e0d442e954\",\"repositoryUrl\":\"https://github.com/Yashas7i/EduSyncAPI\",\"branch\":\"merge\",\"teamProjectName\":\"EduSyncDev\",\"slotName\":\"production\"}",
                "start_time": "2025-06-20T23:48:49.7065826Z",
                "end_time": "2025-06-20T23:48:49.9565963Z",
                "active": false
            }
        },
        {
            "type": "Microsoft.Web/sites/deployments",
            "apiVersion": "2024-04-01",
            "name": "[concat(parameters('sites_EduSyncAPI_name'), '/60d602da34974fc69332a4f678b55b3e')]",
            "location": "Japan East",
            "dependsOn": [
                "[resourceId('Microsoft.Web/sites', parameters('sites_EduSyncAPI_name'))]"
            ],
            "properties": {
                "status": 4,
                "author_email": "N/A",
                "author": "N/A",
                "deployer": "VSTS",
                "message": "{\"type\":\"deployment\",\"commitId\":\"52f594dfed09766d0bf5abcb31ef27a95dd9ce1d\",\"buildId\":\"9\",\"buildNumber\":\"20250621.1\",\"repoProvider\":\"GitHub\",\"repoName\":\"Yashas7i/EduSyncAPI\",\"collectionUrl\":\"https://dev.azure.com/yashas7i/\",\"teamProject\":\"58be33d2-b9ed-40b8-a40c-c7e0d442e954\",\"buildProjectUrl\":\"https://dev.azure.com/yashas7i/58be33d2-b9ed-40b8-a40c-c7e0d442e954\",\"repositoryUrl\":\"https://github.com/Yashas7i/EduSyncAPI\",\"branch\":\"merge\",\"teamProjectName\":\"EduSyncDev\",\"slotName\":\"production\"}",
                "start_time": "2025-06-21T11:11:06.4093859Z",
                "end_time": "2025-06-21T11:11:06.6750206Z",
                "active": true
            }
        },
        {
            "type": "Microsoft.Web/sites/deployments",
            "apiVersion": "2024-04-01",
            "name": "[concat(parameters('sites_EduSyncAPI_name'), '/943650af64cc40f496120fa59a89b93e')]",
            "location": "Japan East",
            "dependsOn": [
                "[resourceId('Microsoft.Web/sites', parameters('sites_EduSyncAPI_name'))]"
            ],
            "properties": {
                "status": 4,
                "author_email": "N/A",
                "author": "N/A",
                "deployer": "VSTS",
                "message": "{\"type\":\"deployment\",\"commitId\":\"01c2f0419facfbc2298dcd4bdccbccfd885dd484\",\"buildId\":\"6\",\"buildNumber\":\"20250620.1\",\"repoProvider\":\"GitHub\",\"repoName\":\"Yashas7i/EduSyncAPI\",\"collectionUrl\":\"https://dev.azure.com/yashas7i/\",\"teamProject\":\"58be33d2-b9ed-40b8-a40c-c7e0d442e954\",\"buildProjectUrl\":\"https://dev.azure.com/yashas7i/58be33d2-b9ed-40b8-a40c-c7e0d442e954\",\"repositoryUrl\":\"https://github.com/Yashas7i/EduSyncAPI\",\"branch\":\"master\",\"teamProjectName\":\"EduSyncDev\",\"slotName\":\"production\"}",
                "start_time": "2025-06-20T12:10:32.5549468Z",
                "end_time": "2025-06-20T12:10:32.8362069Z",
                "active": false
            }
        },
        {
            "type": "Microsoft.Web/sites/hostNameBindings",
            "apiVersion": "2024-04-01",
            "name": "[concat(parameters('sites_EduSyncAPI_name'), '/', parameters('sites_EduSyncAPI_name'), '-brc7fmdmhjbbfcdx.japaneast-01.azurewebsites.net')]",
            "location": "Japan East",
            "dependsOn": [
                "[resourceId('Microsoft.Web/sites', parameters('sites_EduSyncAPI_name'))]"
            ],
            "properties": {
                "siteName": "EduSyncAPI",
                "hostNameType": "Verified"
            }
        },
        {
            "type": "Microsoft.Web/sites/siteextensions",
            "apiVersion": "2024-04-01",
            "name": "[concat(parameters('sites_EduSyncAPI_name'), '/Microsoft.AspNetCore.AzureAppServices.SiteExtension')]",
            "location": "Japan East",
            "dependsOn": [
                "[resourceId('Microsoft.Web/sites', parameters('sites_EduSyncAPI_name'))]"
            ]
        },
        {
            "type": "Microsoft.Web/staticSites/basicAuth",
            "apiVersion": "2024-04-01",
            "name": "[concat(parameters('staticSites_edusync_frontend_name'), '/default')]",
            "location": "East Asia",
            "dependsOn": [
                "[resourceId('Microsoft.Web/staticSites', parameters('staticSites_edusync_frontend_name'))]"
            ],
            "properties": {
                "applicableEnvironmentsMode": "SpecifiedEnvironments"
            }
        },
        {
            "type": "Microsoft.EventHub/namespaces/eventhubs/consumergroups",
            "apiVersion": "2024-05-01-preview",
            "name": "[concat(parameters('namespaces_edusync_quizhub_name'), '/quizhub/$Default')]",
            "location": "japaneast",
            "dependsOn": [
                "[resourceId('Microsoft.EventHub/namespaces/eventhubs', parameters('namespaces_edusync_quizhub_name'), 'quizhub')]",
                "[resourceId('Microsoft.EventHub/namespaces', parameters('namespaces_edusync_quizhub_name'))]"
            ],
            "properties": {}
        },
        {
            "type": "Microsoft.Sql/servers/databases/advancedThreatProtectionSettings",
            "apiVersion": "2024-05-01-preview",
            "name": "[concat(parameters('servers_edusyncserver01_name'), '/EduSyncDB/Default')]",
            "dependsOn": [
                "[resourceId('Microsoft.Sql/servers/databases', parameters('servers_edusyncserver01_name'), 'EduSyncDB')]",
                "[resourceId('Microsoft.Sql/servers', parameters('servers_edusyncserver01_name'))]"
            ],
            "properties": {
                "state": "Disabled"
            }
        },
        {
            "type": "Microsoft.Sql/servers/databases/advisors",
            "apiVersion": "2014-04-01",
            "name": "[concat(parameters('servers_edusyncserver01_name'), '/EduSyncDB/CreateIndex')]",
            "dependsOn": [
                "[resourceId('Microsoft.Sql/servers/databases', parameters('servers_edusyncserver01_name'), 'EduSyncDB')]",
                "[resourceId('Microsoft.Sql/servers', parameters('servers_edusyncserver01_name'))]"
            ],
            "properties": {
                "autoExecuteValue": "Disabled"
            }
        },
        {
            "type": "Microsoft.Sql/servers/databases/advisors",
            "apiVersion": "2014-04-01",
            "name": "[concat(parameters('servers_edusyncserver01_name'), '/EduSyncDB/DbParameterization')]",
            "dependsOn": [
                "[resourceId('Microsoft.Sql/servers/databases', parameters('servers_edusyncserver01_name'), 'EduSyncDB')]",
                "[resourceId('Microsoft.Sql/servers', parameters('servers_edusyncserver01_name'))]"
            ],
            "properties": {
                "autoExecuteValue": "Disabled"
            }
        },
        {
            "type": "Microsoft.Sql/servers/databases/advisors",
            "apiVersion": "2014-04-01",
            "name": "[concat(parameters('servers_edusyncserver01_name'), '/EduSyncDB/DefragmentIndex')]",
            "dependsOn": [
                "[resourceId('Microsoft.Sql/servers/databases', parameters('servers_edusyncserver01_name'), 'EduSyncDB')]",
                "[resourceId('Microsoft.Sql/servers', parameters('servers_edusyncserver01_name'))]"
            ],
            "properties": {
                "autoExecuteValue": "Disabled"
            }
        },
        {
            "type": "Microsoft.Sql/servers/databases/advisors",
            "apiVersion": "2014-04-01",
            "name": "[concat(parameters('servers_edusyncserver01_name'), '/EduSyncDB/DropIndex')]",
            "dependsOn": [
                "[resourceId('Microsoft.Sql/servers/databases', parameters('servers_edusyncserver01_name'), 'EduSyncDB')]",
                "[resourceId('Microsoft.Sql/servers', parameters('servers_edusyncserver01_name'))]"
            ],
            "properties": {
                "autoExecuteValue": "Disabled"
            }
        },
        {
            "type": "Microsoft.Sql/servers/databases/advisors",
            "apiVersion": "2014-04-01",
            "name": "[concat(parameters('servers_edusyncserver01_name'), '/EduSyncDB/ForceLastGoodPlan')]",
            "dependsOn": [
                "[resourceId('Microsoft.Sql/servers/databases', parameters('servers_edusyncserver01_name'), 'EduSyncDB')]",
                "[resourceId('Microsoft.Sql/servers', parameters('servers_edusyncserver01_name'))]"
            ],
            "properties": {
                "autoExecuteValue": "Enabled"
            }
        },
        {
            "type": "Microsoft.Sql/servers/databases/auditingPolicies",
            "apiVersion": "2014-04-01",
            "name": "[concat(parameters('servers_edusyncserver01_name'), '/EduSyncDB/Default')]",
            "location": "Japan East",
            "dependsOn": [
                "[resourceId('Microsoft.Sql/servers/databases', parameters('servers_edusyncserver01_name'), 'EduSyncDB')]",
                "[resourceId('Microsoft.Sql/servers', parameters('servers_edusyncserver01_name'))]"
            ],
            "properties": {
                "auditingState": "Disabled"
            }
        },
        {
            "type": "Microsoft.Sql/servers/databases/auditingSettings",
            "apiVersion": "2024-05-01-preview",
            "name": "[concat(parameters('servers_edusyncserver01_name'), '/EduSyncDB/Default')]",
            "dependsOn": [
                "[resourceId('Microsoft.Sql/servers/databases', parameters('servers_edusyncserver01_name'), 'EduSyncDB')]",
                "[resourceId('Microsoft.Sql/servers', parameters('servers_edusyncserver01_name'))]"
            ],
            "properties": {
                "retentionDays": 0,
                "isAzureMonitorTargetEnabled": false,
                "state": "Disabled",
                "storageAccountSubscriptionId": "00000000-0000-0000-0000-000000000000"
            }
        },
        {
            "type": "Microsoft.Sql/servers/databases/backupLongTermRetentionPolicies",
            "apiVersion": "2024-05-01-preview",
            "name": "[concat(parameters('servers_edusyncserver01_name'), '/EduSyncDB/default')]",
            "dependsOn": [
                "[resourceId('Microsoft.Sql/servers/databases', parameters('servers_edusyncserver01_name'), 'EduSyncDB')]",
                "[resourceId('Microsoft.Sql/servers', parameters('servers_edusyncserver01_name'))]"
            ],
            "properties": {
                "weeklyRetention": "PT0S",
                "monthlyRetention": "PT0S",
                "yearlyRetention": "PT0S",
                "weekOfYear": 0
            }
        },
        {
            "type": "Microsoft.Sql/servers/databases/backupShortTermRetentionPolicies",
            "apiVersion": "2024-05-01-preview",
            "name": "[concat(parameters('servers_edusyncserver01_name'), '/EduSyncDB/default')]",
            "dependsOn": [
                "[resourceId('Microsoft.Sql/servers/databases', parameters('servers_edusyncserver01_name'), 'EduSyncDB')]",
                "[resourceId('Microsoft.Sql/servers', parameters('servers_edusyncserver01_name'))]"
            ],
            "properties": {
                "retentionDays": 7,
                "diffBackupIntervalInHours": 24
            }
        },
        {
            "type": "Microsoft.Sql/servers/databases/extendedAuditingSettings",
            "apiVersion": "2024-05-01-preview",
            "name": "[concat(parameters('servers_edusyncserver01_name'), '/EduSyncDB/Default')]",
            "dependsOn": [
                "[resourceId('Microsoft.Sql/servers/databases', parameters('servers_edusyncserver01_name'), 'EduSyncDB')]",
                "[resourceId('Microsoft.Sql/servers', parameters('servers_edusyncserver01_name'))]"
            ],
            "properties": {
                "retentionDays": 0,
                "isAzureMonitorTargetEnabled": false,
                "state": "Disabled",
                "storageAccountSubscriptionId": "00000000-0000-0000-0000-000000000000"
            }
        },
        {
            "type": "Microsoft.Sql/servers/databases/geoBackupPolicies",
            "apiVersion": "2024-05-01-preview",
            "name": "[concat(parameters('servers_edusyncserver01_name'), '/EduSyncDB/Default')]",
            "dependsOn": [
                "[resourceId('Microsoft.Sql/servers/databases', parameters('servers_edusyncserver01_name'), 'EduSyncDB')]",
                "[resourceId('Microsoft.Sql/servers', parameters('servers_edusyncserver01_name'))]"
            ],
            "properties": {
                "state": "Enabled"
            }
        },
        {
            "type": "Microsoft.Sql/servers/databases/ledgerDigestUploads",
            "apiVersion": "2024-05-01-preview",
            "name": "[concat(parameters('servers_edusyncserver01_name'), '/EduSyncDB/Current')]",
            "dependsOn": [
                "[resourceId('Microsoft.Sql/servers/databases', parameters('servers_edusyncserver01_name'), 'EduSyncDB')]",
                "[resourceId('Microsoft.Sql/servers', parameters('servers_edusyncserver01_name'))]"
            ],
            "properties": {}
        },
        {
            "type": "Microsoft.Sql/servers/databases/securityAlertPolicies",
            "apiVersion": "2024-05-01-preview",
            "name": "[concat(parameters('servers_edusyncserver01_name'), '/EduSyncDB/Default')]",
            "dependsOn": [
                "[resourceId('Microsoft.Sql/servers/databases', parameters('servers_edusyncserver01_name'), 'EduSyncDB')]",
                "[resourceId('Microsoft.Sql/servers', parameters('servers_edusyncserver01_name'))]"
            ],
            "properties": {
                "state": "Disabled",
                "disabledAlerts": [
                    ""
                ],
                "emailAddresses": [
                    ""
                ],
                "emailAccountAdmins": false,
                "retentionDays": 0
            }
        },
        {
            "type": "Microsoft.Sql/servers/databases/transparentDataEncryption",
            "apiVersion": "2024-05-01-preview",
            "name": "[concat(parameters('servers_edusyncserver01_name'), '/EduSyncDB/Current')]",
            "dependsOn": [
                "[resourceId('Microsoft.Sql/servers/databases', parameters('servers_edusyncserver01_name'), 'EduSyncDB')]",
                "[resourceId('Microsoft.Sql/servers', parameters('servers_edusyncserver01_name'))]"
            ],
            "properties": {
                "state": "Enabled"
            }
        },
        {
            "type": "Microsoft.Sql/servers/databases/vulnerabilityAssessments",
            "apiVersion": "2024-05-01-preview",
            "name": "[concat(parameters('servers_edusyncserver01_name'), '/EduSyncDB/Default')]",
            "dependsOn": [
                "[resourceId('Microsoft.Sql/servers/databases', parameters('servers_edusyncserver01_name'), 'EduSyncDB')]",
                "[resourceId('Microsoft.Sql/servers', parameters('servers_edusyncserver01_name'))]"
            ],
            "properties": {
                "recurringScans": {
                    "isEnabled": false,
                    "emailSubscriptionAdmins": true
                }
            }
        },
        {
            "type": "Microsoft.Storage/storageAccounts/blobServices/containers",
            "apiVersion": "2024-01-01",
            "name": "[concat(parameters('storageAccounts_edusyncserver_name'), '/default/bacpac')]",
            "dependsOn": [
                "[resourceId('Microsoft.Storage/storageAccounts/blobServices', parameters('storageAccounts_edusyncserver_name'), 'default')]",
                "[resourceId('Microsoft.Storage/storageAccounts', parameters('storageAccounts_edusyncserver_name'))]"
            ],
            "properties": {
                "immutableStorageWithVersioning": {
                    "enabled": false
                },
                "defaultEncryptionScope": "$account-encryption-key",
                "denyEncryptionScopeOverride": false,
                "publicAccess": "None"
            }
        },
        {
            "type": "Microsoft.Storage/storageAccounts/blobServices/containers",
            "apiVersion": "2024-01-01",
            "name": "[concat(parameters('storageAccounts_edusyncblobstorage01_name'), '/default/coursemedia')]",
            "dependsOn": [
                "[resourceId('Microsoft.Storage/storageAccounts/blobServices', parameters('storageAccounts_edusyncblobstorage01_name'), 'default')]",
                "[resourceId('Microsoft.Storage/storageAccounts', parameters('storageAccounts_edusyncblobstorage01_name'))]"
            ],
            "properties": {
                "immutableStorageWithVersioning": {
                    "enabled": false
                },
                "defaultEncryptionScope": "$account-encryption-key",
                "denyEncryptionScopeOverride": false,
                "publicAccess": "Blob"
            }
        },
        {
            "type": "Microsoft.Storage/storageAccounts/blobServices/containers",
            "apiVersion": "2024-01-01",
            "name": "[concat(parameters('storageAccounts_edusyncblobstorage01_name'), '/default/reports')]",
            "dependsOn": [
                "[resourceId('Microsoft.Storage/storageAccounts/blobServices', parameters('storageAccounts_edusyncblobstorage01_name'), 'default')]",
                "[resourceId('Microsoft.Storage/storageAccounts', parameters('storageAccounts_edusyncblobstorage01_name'))]"
            ],
            "properties": {
                "immutableStorageWithVersioning": {
                    "enabled": false
                },
                "defaultEncryptionScope": "$account-encryption-key",
                "denyEncryptionScopeOverride": false,
                "publicAccess": "None"
            }
        }
    ]
}